Status,Name,Category/Type,Teaser,Image,Influence Mapping,Collection,Language,Commissioner,Publisher,Publisher Country,Partners,Rationale (Why?),Approach (How?),Narrative,Query,Geographic Map,Timelines,Lists,Network Viz,Other  Viz,Export,Thematic Focus,Issue addressed,Keywords,Geographic Focus,Intended Impact,Target Audience,Online audience reached,Does the project have a twitter account?,Twitter Followers,Publisher's Twitter Followers (if needed),Google Page Rank,Newspasper's/Publisher's Page Rank (if applicable),Alexa Pange Rank,Newspaper's / Publisher's Alexa Page Rank (if applicable),OSE Domain Authority Rank,Marketing Grader Rank,Comments,News source,Offline Audience Reached,Outcome,Update date,Attempts against the project ,Attempts against the project #2,URL,Code URL,Description,Tool,Tool,Tool,Other tools,Team Size,Research,Data Science,Engineering,Design,Project Methodology,Open Source,Open data,Budget,Contracting,Risk Planning,Sustainability Planning,Data Modeling,Ethical Collection,Ethical storage,Data collection,Data Collection #2,Data verification,Data cleaning,Data Analysis,Data Description,Data Licencing,Ethical publishing,Ethical publishing #2,Data Publishing Mode,1,URL,2,URL,3,URL,,,,,Most recent update,Regularly Updated,,,,,Notes,Alternate News Sources,,
For Review Jun,Cargografías,Data provider,La linea de tiempo de los politicos argentinos,http://www.cargografias.org/img/logo.png,Yes,Single,Spanish,Cargografias,Cargografias,Argentina,"Hacklabs, International Center for Journalists, World Bank Institute",,"By mapping the duration of electoral mandates of all Argentinian political representatives, by provinding statistics about their number of political mandates, Cargografias provides a more transparent picture of Argentiian politics before the next presidential elections.",,Yes,,Yes,Yes,,Yes,Yes,Politics,"
Political campaigns","politics, argentina, timeline, terms of office",Argentina,Awareness Raising,General Public,Small Network,,1099,,3,,"4,965,419",,,,,http://www.politicargentina.com/notas/201506/6408-cargografias.php,National,N/A,"Oct 8, 2015",N/A,,http://www.cargografias.org/,https://github.com/cargografias,Cargografias is an experimental visualization tool that reveals the careers of the politicians inside the state.,,,,,Small,Dedicated,Dedicated,Dedicated,Dedicated,Agile,Yes,No,Small Project,No,No planning,Updated,Complex,No guidelines,N/A,External Sources,,Corroborated,N/A,Classification / Tagging / Categories / Linking,Basic,Public,Cited Sources,Signed project,Dump,,,,,,,,Version 4.0,2012,2013,"Jul 7, 1905",,63,39,56,70%,2 entries flagged as needing checking with the project. We could also check the N/A data cleaning and storage info with them at the same time.,,,
For Review Jun,La Fabrique de La loi,Data provider,"Les parlementaires font-ils la loi ?
Explorez l'évolution de la loi au fil de la procédure parlementaire avec La Fabrique de la Loi !",http://www.lafabriquedelaloi.fr/img/the-law-factory-logo.svg,Yes,Single,French,Région íle de France,Sciences Po Medialab,France,"CEE, Medialab Sciences Po, Regards Citoyens, Density Design, ",,"By mapping the votation and back and forths between political parties and political commissions, this project focuses on tracking the influence of different political interests in the lawmaking process.",,Yes,,Yes,Yes,,Yes,Yes,Politics,,"politics, France, list, complex data, lawmaking, institutions, viz",France,Research,General Public,Large Network,,N/A,,5,,"13,629,453",,,,,http://www.nextinpact.com/news/87835-avec-la-fabrique-loi-suivez-l-evolution-textes-votes-au-parlement.htm,National,N/A,"Oct 8, 2015",N/A,,http://www.lafabriquedelaloi.fr/,https://github.com/regardscitoyens/the-law-factory-parser,Documents and maps policy making though representatives debates and voting processes,,,,,Large,Dedicated,Dedicated,Dedicated,Dedicated,Traditional,Yes,Yes,Medium Project,Single Delivery,No planning,Updated,Documents,No guidelines,N/A,External Sources,,Triangulated,N/A,Classification / Tagging / Categories / Linking,No,Open,Cited Sources,Signed project,API,Data Collection,http://www.lafabriquedelaloi.fr/a-propos.html,Data Publishing,http://www.lafabriquedelaloi.fr/a-propos.html,,,,Final product,2011,2014,,,65,38,56,68%,,,,
For Review Jun,Trade Advisory Commitee and Industry relationships,Who's who,The Obama administration's corporate-heavy network of official trade advisers has emerged as a point of sharp contention in a process that has been criticized by members of Congress and others as low on public transparency. ,N/A,Yes,Single,English,Self-commissionned,Washington Post,USA,Not applicable,,Sheds light on the corporate interests which might influence the Trade Advisory Commitee within the Obama Administration.,Yes,,,,,,"Yes
",,Lobbying,Politics,"politics, obama, industry, US, ",United States,Awareness Raising,General Public,International,,N/A,,N/A,,,208,,,No comments,,National,N/A,"Oct 8, 2015",N/A,,http://www.washingtonpost.com/wp-srv/special/business/trade-advisory-committees/,N/A,"The Obama administration's corporate-heavy network of official trade 
advisers has emerged as a point of sharp contention in a process that 
has been criticized by members of Congress and others as low on public 
transparency. ",,,,,Small,Some,None,None,None,Traditional,No,No,N/A,No,No planning,Static,Relational,No guidelines,N/A,External Sources,,Corroborated,N/A,Classification / Tagging / Categories / Linking,No,Restricted,Cited Sources,Signed project,No,,,,,,,,Final product,2014,2014,"Feb 27, 2014",,60,39,56,70%,,,,
For Review Jun,Map the Banks,Geocoded data,"The financial crisis cost society over 10 trillion dollars. Before we can disrupt the industry, we need to understand what it looks like.",http://mapthebanks.com/images/logo.png,Yes,Single,English,N/A,Open Corporates,UK,"Open North, Civio, Open Corporates",,"Map financial transactions all around the world and track relationships between financial actors (creditors, banks etc.) in different countries.",,,Yes,,,,,,Finance,Geopolitics,"banking, world, debts, financial flows, crowdsourced data, geodata",World,Awareness Raising,General Public,Small Network,,,,N/A,,0,,,,,,N/A,N/A,"Oct 8, 2015",N/A,,http://mapthebanks.com/ ,N/A,"Collects, publishes & links data to the compagnies to give us a
 global picture of the finance sector and the financial flows between countries.",,,,,Medium,Outsourced,Outsourced,Dedicated,Dedicated,Agile,No,Yes,Small Project,Single Delivery,No planning,Updated,Relational,No guidelines,N/A,Trained Collectors,Crowdsourced,Corroborated,N/A,Classification / Tagging / Categories / Linking,Basic,Open,Cited Sources,,API,,,,,,,,Beta version,N/A,N/A,N/A,,57,39,56,70%,,,,
For Review Jun,Poderopedia,Who's who,N/A,http://www.poderopedia.org/poderopedia/static/img/logo-beta.png,Yes,Collection,Spanish,"Knight Foundation
",Poderopedia,"Chile, LATAM","Knight Foundation, Start Up Chile",,"By documenting and archiving relationships between politicians, entities and coporations in Chile, Venezuela and Colombia, Poderopedia tracks the dynamics of influence between these different actors.","Yes
",Yes,,,,Yes,,Yes,Politics,"Networks
","Chile, Colombia, Venezuela, power systems, network viz, popolo,  ","Chile, Colombia, Venezuela",Awareness Raising,General Public,Large Network,,9578,,5,,"239,935",,P,,,http://thenextweb.com/media/2012/03/16/poderopedia-a-data-journalism-project-to-map-the-chilean-elite/,International,N/A,"Oct 8, 2015",N/A,,http://www.poderopedia.org/,https://github.com/poderopedia,"Maps out politicians, business and others in Chile, and other countries of LATAM.",,,,,Large,Dedicated,None,Dedicated,Some,Traditional,Yes,,Medium Project,Iterative,No planning,Updated,Documents,No guidelines,N/A,Trained Collectors,Crowdsourced,Corroborated,N/A,Classification / Tagging / Categories / Linking,Basic,Partial,Cited Sources,Signed project,API,Project Management,http://www.poderopedia.org/poderopedia/pages/index/38,,,,,,Beta version,2011,2012,,Yes,64,38,56,68%,,"http://www.elobservatodo.cl/noticia/politica/de-quien-son-los-medios-de-comunicacion-chilenos-poderopedia-presento-mapa-de-medio,",http://www.rcnradio.com/nacional/quienes-son-los-candidatos-al-concejo-de-bogota-que-esconden/,http://www.eldinamo.cl/tech/2015/09/10/mapa-de-medios-de-poderopedia-quien-es-quien-en-la-industria-de-las-comunicaciones-en-chile/
For Review Jun,Resource Contracts,Data provider,"A searchable database of petroleum, mineral and land contracts ",N/A,Maybe,Single,English,"African Legal Support Facility, UK Department for International Development.",Resource Governance,United States,"The Natural Resource Governance Institute, the Columbia Center on Sustainable Investment, the World Bank Governance for Extractive Industries program.",,"By providing mining and oil contracts, from different countries, Resource Contracts enable actors to investigate and interrogate policies in place in those regions.",,Yes,,,Yes,,Yes,,Extractives,Oil contracts,"extractives, mining, resources, land, contracts, companies",World,Legal Action,Broad Professional/Sectoral,N/A,,N/A,,4,,"14,634,500",,,,,,N/A,N/A,"Oct 8, 2015",N/A,,http://www.resourcecontracts.org/,N/A,"A searchable database of petroleum, mineral and land contracts",,,,,Medium,Some,None,Some,Some,Traditional,No,No,Medium Project,Single Delivery,No planning,N/A,Documents,No guidelines,N/A,External Sources,,Corroborated,N/A,Classification / Tagging / Categories / Linking,Basic,Partial,Signed project,,No,Data Analysis,http://www.resourcecontracts.org/blog/guide-key-terms.html,Data Management,http://www.resourcecontracts.org/about/faqs.html,,,,Beta version,N/A,N/A,,,62,37,56,66%,,,,
For Review Jun,OpenDuka,Data provider,The freely accessible database of information on Kenyan entities,http://www.openduka.org/assets/img/od-beta-teal.png,Yes,Single,English,ATTI,Open Institute,Kenya,"Africa Transparency and Technology Initiative, Kenya Law",,Documents the social networks/ behind corporations and institutional entities in Kenya,,Yes,,,Yes,,,Yes,Corporations,"
","Corporations, Kenya, entities structure, open data, organizations",Kenya,Awareness Raising,General Public,N/A,,97,,3,,0,,,,,,National,N/A,"Oct 8, 2015",N/A,,http://www.openduka.org/,https://github.com/OpenInstitute/OpenDuka,"How the teams behind some likely and announced candidates are connected to 
previous campaigns, administrations and organizations close to the 
possible nominees",,,,,Medium,None,Some,Some,Some,Traditional,Yes,No,N/A,N/A,No planning,Updated,Relational,No guidelines,,External Sources,,No,N/A,Classification / Tagging / Categories / Linking,No,Public,Cited Sources,Signed project,API,Data Collection,http://www.openduka.org/index.php/faq,,,,,,Beta version,N/A,2014,N/A,,61,38,56,68%,,,,
For Review Jun,Presidential campaigns and staff connections ,Who's who,"Presidential candidates change, but the people who run the campaigns often remain the same. Here is how the teams behind some likely and announced candidates are connected to previous campaigns, administrations and organizations close to the possible nominees. Related",N/A,Yes,Single,English,Self-commissionned,NYT,US,,,"By identifying the political trajectories and ties of the team members of the  US presidential candidates, this project reveals who they have advised in the past and how it might influence the political game for the presidential election.",Yes,,,,Yes,,Yes,"
",Politics,,"presidential campaign staff, spin doctors, political system, US, politics, viz, who's who  
",United States,Awareness Raising,General Public,International,,N/A,,N/A,,,100,,,,https://netzpolitik.org/2014/okfest14-6-projekte-ueber-geld-politik-and-transparenz/,National,N/A,"Oct 8, 2015",N/A,,http://www.nytimes.com/interactive/2015/05/17/us/elections/2016-presidential-campaigns-staff-connections-clinton-bush-cruz-paul-rubio-walker.html,N/A,"The Times published an interactive graphic that looks at how the teams behind some likely and announced presidential candidates are connected to previous campaigns, administrations and organizations close to the possible nominees. ",,,,,Medium,Dedicated,Dedicated,Dedicated,None,Traditional,No,No,N/A,No,No planning,Updated,Relational,No guidelines,N/A,External Sources,,Corroborated,N/A,Classification / Tagging / Categories / Linking,No,Partial,Cited Sources,Signed project,No,,,,,,,,Final Product,2015,2015,"Jun 1, 2015",,60,38,56,68%,,,,
For Review Jun,Connected China,Investigation ,N/A,N/A,Yes,Single,English,Reuters,Fathom,US,Fathom,,This project shows how China's elite power structure works and identifies who is pulling the strings in the PRC.,Yes,,,,,Yes,Yes,"Yes
",Politics,,"China, political system, PRC, Reuters, stories, institutional power, social power, Fathom, who's who ",China,Awareness Raising,General Public,International,,549,2721,N/A,,"915,069",,,,,,International,N/A,"Oct 8, 2015",N/A,,http://china.fathom.info/,N/A,"Connected China tracks and visualizes the people, institutions and relationships that form China's elite power structure. Launched in February 2013, the app provides deep insight into China’s new generation of leaders and features the best of Reuters’ coverage in data, text, photos and video. It is optimized for iPad 2+ and modern browsers - Chrome and Safari recommended for best user experience. ",,,,,Medium,Dedicated,Dedicated,Some,Some,Traditional,No,No,N/A,Single Delivery,No planning,Static,Documents,Informal guidelines,N/A,Trained Collectors,,Corroborated,N/A,Classification / Tagging / Categories / Linking,No,Partial,Anonymization of data ,Signed project,No,,,,,,,,Final Product,,2013,"Jul 11, 2014",,60,38,56,68%,,,,
For Review Jun,Quien Manda,Who's who,"Un mapa del poder en España, con fuentes verificables y listo para investigar y compartir",http://www.quienmanda.es/images/facebook_avatar.png,Yes,Single,Spanish,N/A,Civio,Spain,"Global Integrity, Sunlight Foundation",,"By giving information about the relationships between politicians, entities and coporations in Spain, this project shows who might be influenced by who in the long run.",Yes,Yes,,,Yes,Yes,,,Politics,,"Spain, Civio, network viz, politics, political system, economic interests, who's who, ",Spain,Awareness Raising,General Public,Large Network,,5752,,3,,"2,046,155",,,,,,National,N/A,"Oct 8, 2015",N/A,,"
http://www.quienmanda.es/",https://github.com/civio/quienmanda.es,Database of people and organisations in Spanish politics and business,,,,,Medium,Dedicated,Some,Some,Some,Traditional,No,No,Small Project,Single Delivery,No planning,Updated,Relational,No guidelines,N/A,Trained Collectors,,Corroborated,N/A,Classification / Tagging / Categories / Linking,No,Partial,Cited Sources,Signed project,No,,,,,,,,Final Product,2014,2014,"Oct 1, 2015",,60,39,56,70%,,,,
For Review Jun,Muckety,Who's who,"Mapping connections of the rich, famous & influential
",http://muckety.com/images/muckety-left-logo-banner.gif,Yes,Single,English,Self-commissionned,Muckety LLC,US,,,Mapping influence paths between individuals and corporations.,Yes,Yes,,,,Yes,,,Exposure,Shadow influence,"network viz, power relationships, US, economic interests, who's who",US,Awareness Raising,General Public,Large Network,,1454,,4,,"1,238,423",,,,,,National,N/A,"Oct 8, 2015",N/A,,http://www.muckety.com/,N/A,"Muckety publishes network maps and news stories to document paths of influence between government, business and nonprofit affiliations.",,,,,Medium,Dedicated,Some,Some,Dedicated,Traditional,No,No,N/A,Iterative,No planning,Updated,Relational,No guidelines,N/A,Trained Collectors,,Corroborated,N/A,Classification / Tagging / Categories / Linking,No,Partial,Not documented,Signed project,No,Data Collection,http://news.muckety.com/about-muckety,,,,,,Final Product,2006,,"Sep 1, 2015",Yes,60,37,56,66%,,,,
For Review Jun,Who do they Serve,Who's who,N/A,N/A,Yes,Single,English,Anonymous,Anonymous,UK,,,"Mapping relationships between individuals, corporations and worldwide networks to uncover conflicts of interests.",,,,,Yes,Yes,,Yes,Exposure,Shadow influence,"power relationships, economic interests, institutional powers, network viz, who's who",World,Awareness Raising,General Public,,No,N/A,N/A,1,,"2,190,973",,,,,,,N/A,10/12/2015,,,http://www.whodotheyserve.com/,https://github.com/dizzib/WhoDoTheyServe.com,"WhoDoTheyServe.com is a non-profit opensource effort to map the
global political, financial and corporate power structure at the highest levels.
A secondary purpose is to highlight possible conflict of interest.",,,,,N/A,Some,None,Some,Some,N/A,Yes,No,N/A,N/A,No planning,Updated,Relational,No guidelines,N/A,External Sources,,No,N/A,Classification / Tagging / Categories / Linking,No,Public,Not documented,,API,,,,,,,,Final Product,N/A,N/A,"Oct 12, 2015",Yes,57,37,56,66%,,,,
For Review Kat,Swiss Leaks,Investigation ,The leaked HSBC files offer a rare glimpse inside one of the world’s most private banking systems.,N/A,Yes,Single,English,Self-commissionned,ICIJ,US,,,ICIJ analyzed the leaked HSBC files and uncovered the profiles of the main protagonists of this huge financial scandal and revealed the role of countries which took part in this fraud. They did it using stories and by building an archive of the profiles.,Yes,,Yes,,Yes,,,,Finance,Traceability ,"
financial flows, financial tracking, stories, datajournalism, ICIJ, banking system, HSBC leaks, Swissleaks",World,Awareness Raising,General Public,International,No,N/A,"41.2K 
",N/A,7,,"172,117",78/100,63/100,,,International,N/A,17/10/2015,N/A,,http://www.icij.org/project/swiss-leaks/explore-swiss-leaks-data,https://github.com/swissleaks/swiss_leaks_data,"Swiss Leaks is a collaborative investigation that exposes how the Swiss branch of one of the world’s biggest banks, HSBC, profited from doing business with tax dodgers and criminals around the world. It is a worldwide investigation conducted by the ICIJ.",,,,,Large,Dedicated,Dedicated,Dedicated,Dedicated,N/A,No,No,N/A,N/A,Minimal,Updated,Documents,No guidelines,N/A,Trained Collectors,,Corroborated,N/A,Classification / Tagging / Categories / Linking,No,Restricted,Signed project,,Scrapable,,,,,,,,Final Product,N/A,N/A,N/A,N/A,63,37,56,66%,,,,
For Review Kat,Lobby Facts,Data provider,Who are the biggest spenders in lobbying? Which organisations have the most EU parliament lobbyist passes? Is there a balance between corporate and public interest lobbying? LobbyFacts digests and analyses the data to help you answer these kinds of questions.,http://lobbyfacts.eu/sites/default/themes/omega-ngo/logo.png,Yes,Single,English,Self-commissionned,,Belgium ,"Corporate Europe Observatory, Lobby Control and Friends of Earth Europe",,"Lobby facts uses the data of the EU transparency register, categorizes the data and makes it available ",Yes,,,,Yes,,,,Lobbying,Traceability ,"lobbies, Europe, lobbying spenders, lobby tracking, power relationships, political structure, stories, statistics, who's who, database",Europe,Awareness Raising,General Public,International,No,N/A,N/A,N/A,,"8,582,841",, 41 /100 ,41/100,,52,International,N/A,17/10/2015,N/A,,http://lobbyfacts.eu/,,Lobby Facts increases awareness about lobbying influence in the EU exposes privileged access and influence enjoyed by corporations and their lobby groupsCampaign for transparency around lobbying. ,,,,,Medium,None,Some,Outsourced,Outsourced,N/A,No,No,N/A,N/A,No planning,N/A,Documents,No guidelines,N/A,External Sources,,No,No,Classification / Tagging / Categories / Linking,No,Restricted,Cited Sources,Signed project,Scrapable,Data Collection,http://lobbyfacts.eu/disclaimer,,,,,,Final Product,N/A,N/A,N/A,Yes,64,38,56,68%,,,,
For Review Kat,Influence Explorer,Data provider,"Explore Companies, lawmakers, prominent individuals that matter to you and see how they're influencing the political system.",N/A,Yes,Collection,English,Sunlight Foundation,Sunlight Labs,US,"Center for Responsive Politics, the National Institute on Money in State Politics, Taxpayers for Common Sense, the Project On Government Oversight, the EPA and USASpending.gov.",,"Influence Explorer connects the dots of political contributions on the federal and state level allowing you to track influence by lawmaker, company or prominent individual.",,"Yes
",,,Yes,,Yes,Yes,Lobbying,Traceability ,"lobbies, US, lobbying spenders, lobby tracking, power relationships, political structure, stories, who's who, database, Sunlight Foundation",US,Research,Expert Audience,Large Network,No,N/A,44.3K,5,,"523,291",, 67 /100 ,79/100,,,National,N/A,17/10/2015,N/A,,http://influenceexplorer.com/,,"Influence Explorer provides an overview of campaign finance, lobbying, earmark, contractor misconduct and federal spending data.",,,,,Large,None,Dedicated,Dedicated,Dedicated,N/A,Yes,No,N/A,N/A,No planning,Updated,Complex,No guidelines,N/A,External Sources,,Corroborated,N/A,Classification / Tagging / Categories / Linking,Detailed,Public,Cited Sources,Signed project,API,Data Publishing,http://sunlightlabs.github.io/datacommons/,Data Collection,http://influenceexplorer.com/about/methodology,,,,Final Product,2010,N/A,"Jul 7, 1905","
Yes ",68,39,56,70%,,,,
For Review Kat,The counted,Investigation ,People killed by police in the US,N/A,No,Single,English,Self-commissionned,The Guardian,UK,,,"By counting the number of killings by the police and taking into account several factors such as race, state, The Guardian is currently building -- with the help of Internet users -- a very first database of all the killings and indirect casualties committed by the police in the US.",Yes,"Yes
",Yes,,Yes,,,Yes,Justice,Abuses of power,"US, blacklivesmatter, accountability, police, killings, database, statistics, viz, journalism, The Guardian",US,Movement Building,General Public,International,Yes,13.4K,4.37M,N/A,7,,135,,87/100,,10 000,International,"Raising questions about the data collection done by the FBI, as it offers no category for recording killings by law enforcement officers of people who were not felons. It might change how these murders are counted in the long run.",17/10/2015,N/A,,"
http://www.theguardian.com/us-news/ng-interactive/2015/jun/01/the-counted-police-killings-us-database",,The Guardian is counting the people killed by US law enforcement agencies this year.,,,,,Large,Dedicated,Some,Some,Dedicated,Traditional,No,No,N/A,N/A,No planning,Updated,Complex,No guidelines,N/A,Trained Collectors,Crowdsourced,Corroborated,N/A,Classification / Tagging / Categories / Linking,Basic,Restricted,Cited Sources,Signed project,Dump,Project Management,http://www.theguardian.com/us-news/ng-interactive/2015/jun/01/about-the-counted,Data Collection,http://www.theguardian.com/us-news/ng-interactive/2015/jun/01/about-the-counted,,,,Final Product,2015,2015,"Oct 15, 2015",Yes,70,39,56,70%,,,,
For Review Kat,The Next to Die,Investigation ,Watching Death Row,N/A,Maybe,Single,English,Self-commissionned,"The Marshall Project
",United States,"AL.com, The Atlanta Journal-Constitution, The Frontier, Houston Chronicle, St Louis Public Radio, Tampa Bay Times, The Virginian pilote",,By putting a face on convicted persons who are executed and keeping track of every single deaths in every state through infoviz and thorough reporting.,Yes,,,,,,yes,,Justice,,"stories, prison, US, advocacy, penitentiary system, journalism ",US,Awareness Raising,General Public,National,Yes,435,22.6K,N/A,N/A,108.2,N/A,,70/100,,10,National,N/A,19/10/2015,N/A,,https://www.themarshallproject.org/next-to-die,,"
Raises awareness about the necessity of a US penitental system's reform and provides exhaustive data on criminal justice in the US ",,,,,Small,Dedicated,Some,None,Dedicated,Traditional,No,No,N/A,N/A,No planning,No planning,Documents,No guidelines,N/A,Trained Collectors,External Sources,Corroborated,N/A,Simple,No,Restricted,Cited Sources,Signed project,No,,,,,,,,Final Product,2015,2015,N/A,Yes,64,40,56,71%,,,,
For Review Kat,Contropedia,Data provider,Analysis and visualization of controversies within Wikipedia articles,N/A,Maybe,Single,English,Internet Science ,,Netherlands,"Sciences Po, UvA, Density Design, Barcelona Media, Internet Science network",,"Through the exploration and visualization of Wikipedia controversial articles, the user can see how people's opinions and agendas influence the actual published content.",,Yes,,,Yes,,Yes,,"Controversies
", Wikipedia,"wikipedia, controversies, Sciences Po Medialab, Digital Methods Initiative, ",World,Research,Broad Professional/Sectoral,Large Network,No, ,,2,,"8,757,424",,,48/100,,1,Local,Academic papers,19/10/2015,N/A,,https://www.contropedia.net,http://www.contropedia.net/#code,A platform that enables you to view edits and history of controversial topics on Wikipedia,,,,,Medium,None,Dedicated,Dedicated,Dedicated,Agile,Yes,No,N/A,N/A,No planning,N/A,Complex,No guidelines,N/A,External Sources,,No,N/A,Machine Learning,N/A,N/A,Cited Sources,Signed project,Scrapable,,,,,,,,Beta version,2014,2014,2015,Yes,62,38,56,68%,,,,
For Review Kat,The Fifa Files,Investigation ,N/A,N/A,Maybe,Single,English,Self-commissionned,Sunday Times,UK,,,"The Sunday Times chose share the stories detailing and explaining the Fifa Files and they also created a visualization of the emails exchanged by the different protagonists of the scandal, giving the readers a better overview of the leaks.",Yes,Yes,,,Yes,,"
",,Finance ,Sports,"FIFA scandal, emails, soccer, sports, stories, Times, journalism",World,Awareness Raising,General Public,International,No,,331K,7,,"16,671","22,904",65/100,12/100,,55,International,"Now that the evidence has been published, Blatter, Platini have been sued.",19/10/2015,N/A,,http://times-fifafiles-prod.elasticbeanstalk.com/,,Explore an inbox containing typical examples of some of the millions of documents from the Fifa Files,,,,,Medium,Dedicated,Some,Some,Dedicated,Traditional,No,No,N/A,N/A,Sensitive,No planning,Documents,No guidelines,N/A,Trained Collectors,,Corroborated,N/A,Classification / Tagging / Categories / Linking,No,Restricted,Anonymization of data ,Signed project,Scrapable,,,,,,,,Final Product,2015,2015,2015,No,64,38,56,68%,,,,
For Review Kat,Lobby radar ,Who's who,ZDF-Lobbyradar bringt Transparenz in das Netzwerk der Macht. Sehen Sie hier alle Beiträge zum Lobbyradar!,https://www.lobbyradar.de/assets/images/zdf-lobbyradar-logo.svg,Yes,Single,German,Self-commissionned,ZDF heute,Germany,,,"By documenting and mapping the network of connections between industrial lobbies and politicians, this project enables the users to access the information to know who is influencing who.",Yes,,,,,Yes,,,Lobbying,"
","journalism, Heute, Germany, lobbying, network viz, politics, institutional powers, ",Germany,Awareness Raising,General Public,National,Yes,62,703K,N/A,8,"3,398,691",2933, 13 /100 ,N/A,,15,National,N/A,19/10/2015,N/A,,https://www.lobbyradar.de/verbindungssuche,https://github.com/lobbyradar,Lobby radar uncovers relationships between lobbies and german policymakers. ,,,,,Large,Dedicated,Dedicated,Dedicated,Dedicated,Traditional,No,No,N/A,N/A,No planning,No planning,Relational,No guidelines,N/A,External Sources,Trained Collectors,Corroborated,N/A,Graph,N/A,Restricted,Cited Sources,Signed project,Scrapable,,,,,,,,Final Product,2015,2015,2015,N/A,66,39,56,70%,,,,
For Review Kat,a HÁLÓ,Who's who,N/A,N/A,Yes,Single,Hungarian,N/A,K-Monitor,Hungary,"K-Monitor, Tasz, Transparency International, PetaByte, Institut Français de Hongrie",,"The project documents thorugh visualizations and categorization of datasets the network of relationships between politicians, business people and state funds they receive.",Yes,Yes,,,Yes,Yes,,Yes,Politics,Tracking corruption,"Hungary, social network, viz, politics, ahalo, politics ",Hungary,Awareness Raising,General Public,Large Network,No,,,0,,0,21/100,"13/100
",,,10,National,N/A,19/10/2015,N/A,,http://ahalo.hu,https://github.com/balintbb/hazaitop/,"A Halo sheds light on networks of relationships between politicians, business people and the state funds they receive.",,,,,Medium,Dedicated,Dedicated,Dedicated,Some,Agile,Yes,Yes,N/A,N/A,No planning,No planning,Complex,N/A,N/A,External Sources,Trained Collectors,N/A,N/A,Graph,Basic,Open,Signed project,,API,,,,,,,,Beta version,2010,2010,2015,yes,65,39,56,70%,,,,
For Review Kat,Rise Project ,Investigation ,N/A,https://www.riseproject.ro/wp-content/themes/Rise2015/images/logo.png,Yes,Single,Romanian,N/A,N/A,Romania,"OCCRP, Investigative Dashboard, HotNews.ro, Visual Investigative scenario, Swiss-Romanian Cooperation Programme,  ",,The Rise Project shares stories and visualizations to help revealing the organized crime networks and the political and economic corruptions.,Yes,,,,Yes,Yes,,,"
Exposure",State capture,"stories, Romania,organized crime, OCCRP, riseproject, infographics, investigations",Romania,Movement Building,N/A,Large Network,yes,188,,4,,"357,721",,,74/100,,3,Regional ,N/A,19/10/2015,N/A,,http://www.riseproject.ro/,,Who is who within the organized crime and business in Romania,,,,,Large,Dedicated,Dedicated,Some,Outsourced,N/A,No,No,N/A,N/A,Minimal,No planning,Relational,N/A,N/A,Trained Collectors,External Sources,Corroborated,N/A,Graph,No,Restricted,Signed project,,No,,,,,,,,Final Product,2012?,?,2015,yes,62,39,56,70%,,,,
For Review Kat,Justiciapedia,Who's who,La plataforma para conocer más el Poder Judicial,,Yes,Single,Spanish,NED,Chequeado,Argentina,,,"Justiciapedia maps who is who in the Argentian judiciary system. By providing social networks maps and profiles of the lawyers, judges and prosectors, it aims at connecting the dots to make the system more transparent and legible.",,"Yes
",,,Yes,Yes,,,Justice,Abuses of power,"popolo, judiciary system, Argentina, who's who, network viz, database, poderopedia, justice",Argentina,Awareness Raising,General Public,Small Network,No,,,N/A,,"142,867",,,78/100,,,Local,N/A,19/10/2015,N/A,,http://chequeado.com/justiciapedia/,,"A platform which enables to know which are the relationships between administrators of Justice: judges, lawyers and prosecutors.",,,,,Small,Dedicated,Some,Some,Some,Traditional,No,No,N/A,N/A,No planning,No planning,Relational,No guidelines,N/A,Trained Collectors,External Sources,Corroborated,N/A,Classification / Tagging / Categories / Linking,No,Restricted,Signed project,Cited Sources,Scrapable,,,,,,,,Final Product,2015,2015,2015,yes,59,39,56,70%,,,,
For Review Kat,The Proxy Platform,Investigation ,,N/A,Yes,Single,English,OCCRP,OCCRP,,"OCCRP, Novaya Gazeta, The Serbian Center for Investigative Journalism, Kyiv Post, The Baltic Center for Investigative Journalism",,Visualizing networks of people and sharing stories about a laundering machine for organized crime and corrupt politicians.,Yes,,,,Yes,Yes,,,Exposure,Tracking corruption,"Easter Europe, tracking crime, journalism, ",Eastern Europe,N/A,N/A,International,No,,4371,4,,"2,238,416",,,,,,,N/A,19/10/2015,N/A,,https://www.occrp.org/en/projects,,A investigative project powered by OCCRP which reveals through visualizations and details with stories how the laundering activities of corrupted politicians and criminals prospered throughout Eastern Europe.,,,,,Large,Dedicated,Some,Some,Dedicated,Traditional,No,No,N/A,N/A,No planning,No planning,Documents,No guidelines,N/A,Trained Collectors,,Corroborated,N/A,Classification / Tagging / Categories / Linking,No,Restricted,Signed project,,No,,,,,,,,Final Product,2011,2011,2012,not anymore,56,37,56,66%,,,,
For Review Kat,They Rule,Who's who,They Rule aims to provide a glimpse of some of the relationships of the US ruling class.,http://theyrule.net/drupal/sites/theyrule.net.drupal/files/tr_theme_logo.png,Yes,Single,English,,LittleSis?,US,Littlesis,,They Rule exposes the networks of powers by displaying and enabling people to map the social relationships between entities and elite powers.,,"Yes
",,,Yes,Yes,,,Exposure,,"viz, power structures, relationships, ","US
",N/A,,N/A,No,,,5,,"2,043,453",,,39/100,,,N/A,N/A,19/10/2015,N/A,,http://www.theyrule.net,,They Rule aims to provide a glimpse of some of the relationships of the US ruling class.,,,,,Medium,Some,None,Outsourced,Some,Agile,No,No,N/A,N/A,No planning,No planning,Relational,No guidelines,N/A,External Sources,,Spot Check,N/A,Simple,No,Restricted,N/A,,Scrapable,,,,,,,,Final Product,2001,2001,2011,not anymore,56,37,56,66%,,,,
For Review Kat,China's African spending spree,Investigation ,"Take a tour of the dams, stadiums, mines and super-highways financed, sometimes controversially, by Beijing",N/A,Yes,Single,English,Al Jazeera,Al Jazeera,Qatar,J++,,Mapping the spendings of China in Africa to reveal how China's soft powers are developping strongly in the region.,Yes,,Yes,,,,Yes,,Exposure,Tracking economic diplomacy,"journalism, financial flows, Africa, China, geodata, viz",Africa,Awareness Raising,General Public,International,No,,,,,,,,,,,International,N/A,19/10/2015,N/A,,http://www.aljazeera.com/indepth/interactive/2014/03/interactive-china-african-spending-spree-2014320121349799136.html,,This projects maps Chinese funded projects from mines to research centers on the whole African continent.,,,,,Small,Dedicated,None,Some,Some,Traditional,No,No,N/A,N/A,No planning,No planning,Documents,No guidelines,N/A,Trained Collectors,,Corroborated,N/A,Simple,No,Restricted,N/A,,No,,,,,,,,Final Product,2015,2015,2015,not anymore,56,38,56,68%,,,,
For Review Kat,Open Corporates Financial Visualizations,Geocoded data,How Complex are corporate structures?,N/A,Maybe,Single,English,,Open Corporates,UK,,,"Mapping and visualizing the structure of worlwide corporate entities to track the , built using Open Corporates. ",,,Yes,,Yes,,Yes,,Finance,,"financial flows, geodata, open corporates, viz, finance tracking ",World,Research,Expert Audience,International,No,,3349,5,6,"34,328","34,328",,N/A,,5,International,N/A,19/10/2015,N/A,,https://opencorporates.com/viz/financial/index.html,,Map corporate structures around the globe,,,,,Small,None,Dedicated,Some,Dedicated,N/A,Yes,Yes,N/A,N/A,No planning,No planning,Complex,No guidelines,N/A,External Sources,,Spot Check,N/A,Classification / Tagging / Categories / Linking,Machine Readable,Open,Signed project,,API,Data Management,https://opencorporates.com/info/licence,Data Publishing,http://api.opencorporates.com/,,,,Final Product,2010,2010,2015,yes,64,36,56,64%,,,,
For Review Kat,Follow The Money ,Data provider,"The nation's only free, nonpartisan, verifiable archive of contributions to political campaigns in all 50 states. ",N/A,Yes,Single,English,National Institute on Money in State Politic,,US,"The Bauman Foundation, The California Endowment, Carnegie Corporation of New York, Energy Foundation, Ford Foundation, The James Irvine Foundation, Knight Prototype Fund, Mac Arthur Foundation, Robert Mc Cormick Foundation, Mertz Gilmore Foundation, Open Society Foundations, Rockfeller Family Fund, Rockfeller Brothers fund, Sunlight Foundation ",,Listing and tracking all the money which has been raised during electoral campaigns in the US.,Yes,Yes,,,Yes,,,,Politics,Tracking corruption and clientelism,"US, corporate interests, lobbying, campaign financing, finance tracking, elections",US,N/A,Broad Professional/Sectoral,International,,,,,,,,,,,,National,N/A,19/10/2015,N/A,,http://www.followthemoney.org,,Archive of contributions to political campaigns in all 50 states.,,,,,Large,Dedicated,Dedicated,Dedicated,Some,Traditional,Yes,No,N/A,N/A,No planning,No planning,List,No guidelines,N/A,External Sources,,Corroborated,Validation,Simple,Basic,N/A,Cited Sources,Signed project,API,Data Publishing,http://followthemoney.org/our-data/apis/,,,,,,Final Product,2013,2013,2015,yes,57,38,56,68%,,,,
For Review Kat,Dollars for Docs,Data provider,How Industry Dollars Reach Your Doctors,N/A,Yes,Single,English,,Pro Publica,US,,,Listing and tracking all the money spent on doctors by big drug compagnies and how it might influence them and their services.,Yes,Yes,,,Yes,,,,Health,Tracking corruption and clientelism,"US, corporate interests, health, doctors, pro publica",US,Awareness Raising,General Public,International,,,,,,,,,,,,National,N/A,22/10/2015,N/A,,https://projects.propublica.org/docdollars/,,"Pharmaceutical and medical device companies are now required by law to release details of their payments to a variety of doctors and U.S. teaching hospitals for promotional talks, research and consulting, among other categories. ",,,,,Medium,Dedicated,Some,Some,Dedicated,Agile,No,No,N/A,N/A,No planning,No planning,List,No guidelines,N/A,External Sources,,Corroborated,N/A,Classification / Tagging / Categories / Linking,Basic,Restricted,Cited Sources,Signed project,Scrapable,,,,,,,,Final Product,2013,2013,2015,N/A,54,37,56,66%,,,,
For Review Kat,NSA Lawsuit tracking,Data provider,N/A,N/A,Maybe,Single,English,,Pro Publica,US,,,Documenting each lawsuit agaisnt the NSA's system of surveillance in the US.,Yes,,,,,,,,Justice,Tracking legal action against the NSA surveillance's system  ,"surveillance, justice, US, lawsuits, NSA, pro publica, journalism ",US,N/A,General Public,International,,,,,,,,,,,,International,N/A,22/10/2015,N/A,,http://projects.propublica.org/graphics/surveillance-suits,,Rundown of key lawsuits about surveillance by the NSA in the US.,,,,,Small,Some,None,None,Some,Agile,No,No,N/A,N/A,No planning,No planning,List,No guidelines,N/A,Trained Collectors,,Corroborated,N/A,Simple,Basic,Restricted,Signed project,,Scrapable,,,,,,,,Final Product,2013,2013,2015,yes,51,36,56,64%,,,,
For Review Kat,"Non Profit Explorer
",Data provider,Research Tax-Exempt Organizations,N/A,Yes,Single,English,,Pro Publica,US,,,Building a database on non-profit's financial details to better investigate them ,,Yes,,,Yes,,,Yes,Lobbying,Tracking ,"non profit, financial information, US, propublica, journalism, ",US,N/A,Broad Professional/Sectoral,International,,,,,,,,,,,,National,N/A,22/10/2015,N/A,,https://projects.propublica.org/nonprofits/,,Use this database to search over 1.8 million tax returns from tax-exempt organizations and see financial details such as their executive compensation and revenue and expenses. ,,,,,Small,Some,None,None,Some,Traditional,No,No,N/A,N/A,No planning,No planning,List,No guidelines,N/A,External Sources,,Spot Check,N/A,Simple,Basic,Public,Cited Sources,,API,,,,,,,,Final Product,2012,2012,2015,yes,53,36,56,64%,,,,
For Review Kat,Boletin Oficial,Data provider,Encontrá datos sobre la formación de empresas y contrataciones del Estado publicadas en el Boletín Oficial de la República Argentina,http://boletinoficial.info/img/logo.png,Maybe,Single,English,,Boletin Oficial,Argentina,ICIJ,,Building a database using the Argentinian official journal entries which cover the partnerships and contracts made with corporate entities.,,Yes,,,Yes,,,,Exposure,Tracking public private partnerships,"database, boletin oficial, argentina, legal information, ","Argentina
",N/A,Broad Professional/Sectoral,Large Network,,,,,,,,,,,,National,N/A,22/10/2015,N/A,,http://boletinoficial.info/index.php,,Database listing all the official published documents within the Argentinian official journal,,,,,Small,Some,None,Some,Some,Traditional,No,No,N/A,N/A,No planning,No planning,Documents,No guidelines,N/A,External Sources,Trained Collectors,Spot Check,N/A,Simple,Basic,Partial,Cited Sources,Signed project,Scrapable,,,,,,,,Beta Version,2015,2015,2015,yes,55,39,56,70%,,,,
For Review Kat,InfoAmazonia,Data provider,N/A,N/A,No,Single,English,,,,"Oecoamazonia, ICFJ, Skoll Foundation, Internews, Avina CDKN",,Infoamazonia is a database of maps and a participatory project between citizens and journalists to share information about deforestation and environmental impact.,Yes,,Yes,,Yes,,,Yes,Environment,Track the Amazonian region,"environment, Amazonia, Amazonian forest, Infoamazonia, maps, infoviz, crowdsourcing, database",Amazonic region,Movement Building,Broad Professional/Sectoral,,,,,,,,,,,,,,N/A,22/10/2015,N/A,,http://infoamazonia.org/en,https://github.com/oeco/infoamazonia-maps,InfoAmazonia provides timely news and reports of the endangered Amazon region.,,,,,Medium,Dedicated,Dedicated,Outsourced,Dedicated,Traditional,No,No,N/A,N/A,No planning,No planning,Complex,No guidelines,N/A,Trained Collectors,,N/A,N/A,Classification / Tagging / Categories / Linking,N/A,Public,Signed project,Anonymization of datasets ,Dump,,,,,,,,Final Product,2012,N/A,2015,yes,53,36,56,64%,,,,
For Review Kat,Siyazana,Data provider,We know each other,N/A,Yes,Single,English,,,South Africa,"Institute for Security Studies, African Network of Centers for Investigative Reporting, International Center for Journalists.",,Draws connections between corporate entities and politicians in South Africa by providing lists of connections.,,,,,Yes,,,,Exposure,,"database, politics, corporations, south africa, grano, ",South Africa,Awareness Raising,,,,,,,,,,,,,,,N/A,22/10/2015,N/A,,http://siyazana.co.za/,https://github.com/ANCIR/siyazana.co.za/tree/master/data,"Siyazana provides users with a tool to investigate the connections that exist between the private and public spheres in South Africa. Specifically, it provides a unique insight into the financial connectivities that can, and often do, determine how, when, and why money is expended by government.",,,,,N/A,Dedicated,Dedicated,Dedicated,Dedicated,N/A,Yes,No,N/A,N/A,No,No planning,Relational,No guidelines,N/A,Trained Collectors,External Sources,Corroborated,N/A,Graph,Basic,Public,Cited Sources,,Scrapable,,,,,,,,Final Product,N/A,N/A,N/A,yes,49,37,56,66%,,,,
For Review Kat,DOLFINS,N/A,N/A,N/A,No,Single,English,EU funded project,,,,,,,,,,,,,,,,,,,,,,,,,,,,,,,,,N/A,22/10/2015,N/A,,http://www.dolfinsproject.eu/index.php,,,,,,,,,,,,,,,,,,,,,,,,,,,,,,,,,,,,,,,,,,,,12,2,56,4%,,,,
For Review Kat,GLODERS,N/A,N/A,N/A,Maybe,Single,English,EU funded project,,,,,,,,,,,,,,,,,,,,,,,,,,,,,,,,,N/A,22/10/2015,N/A,,http://www.gloders.eu/,,,,,,,,,,,,,,,,,,,,,,,,,,,,,,,,,,,,,,,,,,,,12,2,56,4%,,,,
For Review Kat,EurActory,Who's who,Identify relevant experts for better EU Policy,http://euractory.eucommunity.eu/sites/default/files/logo-beta.png,Maybe,Single,English,EU funded project,EU Community,European Project,"Intrasoft International ; Fondation EurActiv PoliTech ; University of Aegean ; EurActiv.com ; Athens Technology center ; I-Europa.sk ; Fraunhofer IGD ;
Universitat Oberta de Catalunya .",,build a list of actors and experts on european issues ,,Yes,,,Yes,,,,Exposure,Lack of transparency of EU institutions and EU expertises,"database, politics, Europe, European community, european experts,",Europe,Policy Advice,Broad Professional/Sectoral,Large Network,,,,,,,,,,,,N/A,N/A,22/10/2015,N/A,,http://euractory.eucommunity.eu/,,"EurActory is a new and free service, developed by EU Community. EurActory scans the growing amount of information about people involved in EU policy making. It analyses and ranks the information, identifying the relevant experts.

",,,,,,Dedicated,Dedicated,Dedicated,Dedicated,Agile,No,No,N/A,N/A,No planning,No planning,List,N/A,N/A,Trained Collectors,,Corroborated,N/A,Classification / Tagging / Categories / Linking,No,Restricted,Signed project,Not documented,Scrapable,,,,,,,,Beta version,,2015,2015,yes,53,37,56,66%,,,,
For Review Kat,"No Ceilings
",Data provider,N/A,N/A,No,Single,English,Bill and Melinda Gates Foundation,,US,"Clinton Foundation, the Wyss Foundation, Cheryl Saban Self-Worth Foundation for Women and Girls,  Corning, and the Leslois Shaw Foundation, Droga5, The Economist Intelligence Unit, Fathom, ",,build a repository of data tackling gender equality in the world,yes,,yes,,,,,yes,Gender equality,,,World,,,,,,,,,,,,,,,,N/A,22/10/2015,N/A,,http://noceilings.org/,https://github.com/fathominfo/noceilings-data,"This site and The Full Participation Report are the result—home to 850,000 data points, spanning more than 20 years, from over 190 countries. Through data visualizations and stories, we aim to present the gains and gaps in understandable, sharable ways—including by making the data open and easily available.",,,,,Large,Outsourced,Dedicated,Dedicated,Outsourced,Traditional,No,No,N/A,N/A,N/A,N/A,Documents,N/A,,External Sources,Trained Collectors,Triangulated,N/A,N/A,Basic,Public,Cited Sources,Signed project,Dump,,,,,,,,Final Product,,2015,2015,no,49,36,56,64%,,,,
For Review Kat,ActionAid/DueDil Tax Haven Tracker,Data provider,N/A,N/A,Yes,Single,English,Action Aid,Action Aid,UK,,,build a map to track tax havens all over the world,,,yes,,Yes,,,Yes,Finance,Tracking tax havens,"database, map, tax havens, Action Aid, world, advocacy",World,Movement Building,Broad Professional/Sectoral,International,,,,,,,,,,,,,The project itself was part of a bigger advocacy campaign which had positive consequences to forbid tax dodging in several developing countries. ,22/10/2015,N/A,,http://www.actionaid.org.uk/campaign/ftse-100-tax-haven-tracker,,"98% of the UK's biggest businesses are using tax havens, where you'll find 8,492 of their overseas companies. One of the main reasons companies use tax havens is to dodge their taxes. Ordinary people lose out in both poor and rich countries.",,,,,N/A,Dedicated,Dedicated,Dedicated,Dedicated,Agile,No,No,N/A,N/A,N/A,N/A,Documents,N/A,N/A,External Sources,Trained Collectors,N/A,N/A,N/A,N/A,Public,Signed project,"
",Dump,Project Management,http://www.actionaid.org.uk/tax-justice/ftse-100-tax-haven-tracker-the-new-data,,,,,,Final Product,2011,2013,?,yes,57,39,56,70%,,,,
For Review Kat,OpenCorporates,Data provider,The largest open database of companies in the world ,N/A,Yes,Single,English,?,?,UK,,,build an open database of all the corporations in the world,,yes,,,yes,,,yes,Finance,,"database, corporate interests, open corporates, world, ",World,Research,Broad Professional/Sectoral,International,,,,,,,,,,,,,N/A,22/10/2015,N/A,,"
http://opencorporates.com/",,"OpenCorporates exists to make information about companies and the corporate world more accessible, more discoverable, and more usable, and thus give citizens, community groups, journalists, other companies, and society as a whole the ability to understand, monitor and regulate them. ",,,,,Medium,Dedicated,Dedicated,Dedicated,Dedicated,N/A,Yes,Yes,N/A,N/A,N/A,N/A,List,N/A,N/A,Trained Collectors,,Corroborated,N/A,Classification / Tagging / Categories / Linking,N/A,Open,Signed project,,API,Data Publishing,https://opencorporates.com/info/licence,,,,,,Final Product,?,?,2015,yes,54,37,56,66%,,,,
For Review Kat,OpenInterests,Data provider,Who has financial or political interests in the European institutions? ,N/A,Yes,Single,English,,,,"Corporate Europe Observatory (CEO), Friends of the Earth Europe (FoEE) and LobbyControl, OKFN Labs and Knight-Mozilla OpenNews",,build a database of all the actors around the European Institutions,,yes,,,yes,,,yes,Lobbying,,"database, lobbying, european institutions, corporate interests, transparency, Europe, ",Europe,Awareness Raising,Broad Professional/Sectoral,Large Network,,,,,,,,,,,,,N/A,22/10/2015,N/A,,http://www.openinterests.eu/,https://github.com/pudo/openinterests.eu,"OpenInterests catalogues actors involved in lobbying, expert groups, public expenditure and procurement so you can explore the interactions between them.",,,,,Medium,Some,Dedicated,Dedicated,Dedicated,Traditional,Yes,Yes,N/A,N/A,N/A,N/A,List,N/A,N/A,External Sources,,N/A,N/A,Classification / Tagging / Categories / Linking,N/A,Public,Cited Sources,Signed project,Dump,,,,,,,,Final Product,2013,2013,2013?,no,52,36,56,64%,,,,
For Review Kat,Corpwatch Croctail,Data provider,Information about corporations and their subsidiaries,N/A,Yes,Single,English,Sunlight Foundation,,US,,,forming a database to browse between documents about subsidiaries and US traded corporations,,yes,yes,,yes,,,yes,Finance,,"database, map, ",World,,Broad Professional/Sectoral,,,,,,,,,,,,,,N/A,22/10/2015,N/A,,http://croctail.corpwatch.org/,,CrocTail provides an interface for browsing information parsed from SEC filings about several hundred thousand U.S. publicly traded corporations and their foreign subsidiaries.,,,,,Small,Some,Dedicated,Outsourced,Outsourced,Traditional,Yes,No,N/A,N/A,N/A,N/A,List,N/A,,External Sources,,N/A,N/A,Classification / Tagging / Categories / Linking,N/A,Public,Signed project,Cited Sources,Dump,,,,,,,,Final Product,2003?,?,?,?,50,36,56,64%,,,,
For Review Kat,Every Politician,Data provider,Find representatives from your country,N/A,No,Single,English,,My Society,UK,,"Because this resource doesn’t yet exist. And it would be incredibly useful, for a huge number of people and organisations all around the world.",forming a database of representatives all over the world,,yes,yes,,yes,,,yes,Politics,,"database, world, Mysociety, MPs. representatives, politics, representatives, ",World,Awareness Raising,General Public,International,,,,,,,,,,,,,N/A,22/10/2015,N/A,,http://everypolitician.org/,,"it’s a simple but ambitious project to collect and share that data, in a consistent, open format that anyone can use.",,,,,Medium,Dedicated,Dedicated,Dedicated,Dedicated,Traditional,Yes,Yes,N/A,N/A,N/A,N/A,List,N/A,N/A,Trained Collectors,Crowdsourced,N/A,N/A,Classification / Tagging / Categories / Linking,Machine Readable,Public,Signed project,,Dump,Data Management,http://everypolitician.org/data_structure.html,,,,,,Final Product,?,?,2015,yes,56,38,56,68%,,,,
For Review Kat,"
African Open Data",Data provider,Africa's largest independent source for open data.,N/A,No,Single,English,,,,"Google, Code for Africa, ICIJ, Open Knowledge, World Bank Group, ",,build a repository of open data focusing solely on the African continent.,,yes,,,yes,,,yes,Politics,,"database, Africa, open data, ",African continent,Research,General Public,International,,,,,,,,,,,,,N/A,22/10/2015,N/A,,http://africaopendata.org/,,"openAFRICA aims to be largest independent repository of open data on the African continent. openAFRICA is not a government portal. It is instead a grassroots initiative, maintained by Code for Africa as a public service. The platform is therefore available as a free resource for ordinary citizens, civil society organisations, civic activists, the media, and government agencies. ",,,,,N/A,Dedicated,Dedicated,Dedicated,Dedicated,Agile,No,Yes,N/A,N/A,N/A,N/A,Documents,Guidelines,N/A,External Sources,Crowdsourced,N/A,N/A,Classification / Tagging / Categories / Linking,N/A,Open,Anonymization of datasets ,Signed project,API,,,,,,,,Beta version,?,?,2015,yes,52,37,56,66%,,,,
For Review Kat,ICIJ  Off Shore Leaks,Investigation ,Secrecy for Sale: Inside the Global Offshore Money Maze,N/A,Yes,Single,English,,ICFJ,US,"The Center for Public Integrity, ICIJ",,"build a database where all the secret compagnies, trusts and funds are listed and can be freely accessible to the public",yes,yes,,,yes,,,yes,Finance,,"database, tax havens, offshore leaks, finance, world, ICIJ, ",World,Awareness Raising,General Public,International,,,,,,,,,,,,International,N/A,22/10/2015,N/A,,http://offshoreleaks.icij.org/search,,"The database contains ownership information about companies created in 10 offshore jurisdictions including the British Virgin Islands, the Cook Islands and Singapore. It covers nearly 30 years until 2010.",,,,,Large,Dedicated,Dedicated,Dedicated,Dedicated,Traditional,No,No,N/A,N/A,N/A,N/A,Relational,N/A,N/A,Trained Collectors,,N/A,N/A,Classification / Tagging / Categories / Linking,N/A,Public,Anonymization of datasets ,Signed project,Dump,,,,,,,,Final Product,?,?,2010?,no,55,38,56,68%,,,,
For Review Kat,Open Oil Corporate Networks,N/A,Imagine an open oil industry,N/A,Yes,Single,English,,,US?,,,build a reference website where ressources on oil contracts can be found but also specific investigations are available to explore.,yes,yes,,,yes,,,yes,Extractives,Tracking the oil industry,"oil contracts, open oil, extractives, database, investigations, repository ",World,Awareness Raising,Broad Professional/Sectoral,International,,,,,,,,,,,,International,N/A,22/10/2015,N/A,,http://openoil.net/corporate-networks/,,"OpenOil was founded in the belief that creative, practical and socially progressive policy making in the oil and gas industries is both vital to our collective future, and possible within current constraints.",,,,,Medium,Dedicated,Dedicated,Dedicated,Dedicated,Agile,Yes,No,N/A,N/A,N/A,N/A,Documents,N/A,N/A,Trained Collectors,External Sources,Corroborated,N/A,Classification / Tagging / Categories / Linking,N/A,Open,Cited Sources,Signed project,API,,,,,,,,Final Product,,,2015,yes,53,35,56,63%,,,,
For Review Kat,InfluenceMap,Investigation ,Measuring corporate influence on climate policy,,Yes,Single,English,,Influence Map,UK,,,build a map and a ranking system of corporate influence in environmental policy,yes,,,,yes,,,,Environment,Exposing corporate influence in climate policy,"ranking, influencemap, corporate influence, greenwashing, database, ",UK,Movement Building,Broad Professional/Sectoral,N/A,,,,,,,,,,,,,N/A,22/10/2015,N/A,,influencemap.org,,"We are a neutral and independent UK-based non-profit whose remit is to map, analyze and score the extent to which corporations are influencing climate policy and legislation worldwide. ",,,,,Medium,Dedicated,Dedicated,Dedicated,Dedicated,Traditional,,,N/A,N/A,N/A,N/A,List,Guidelines,N/A,External Sources,,N/A,N/A,Classification / Tagging / Categories / Linking,Basic,Public,Cited Sources,Signed project,Scrapable,Data Analysis,http://influencemap.org/page/Our-Methodology#Assessment-de8396f64bf67ca12de3402ebc0f86a2,,,,,,Final Product,,,2015,yes,49,33,56,59%,,,,
For Review Kat,K-Monitor,Data provider,"Korrupció, Közpénz, Közbeszerzés, Kartell",N/A,Yes,Single,Hungarian,Open Society Institute,K-Monitor,Hungary,"Tasz, Transparency International, Trust for Civil Society in Central and Eastern Europe, Open Society Foundation",,build a database of news tracking corruption and public funds transfers ,,yes,,,,,,,,,"corruption, Hungary, news database, K Monitor, tracking, public spendings",Hungary,Awareness Raising,General Public,National,Yes,,,,,,,,,,,,N/A,22/10/2015,N/A,,https://www.k-monitor.ru,,"K-Monitor is an anti-corruption grass root NGO founded in 2007. K-Monitor strives against corruption and promotes the transparency of public spending in Hungary. K-Monitor operates open data websites, conducts research and advocates for legal reform.  With the contribution of our researches, analyses and recommendations, we aim to challenge and overcome the social indifference to corruption, to raise awareness and disseminate knowledge. We truly believe that information technology can contribute to a more open, more transparent and more democratic way of governing. Therefore K-Monitor develops databases and online tools by which public expenses become trackable, and decision makers can be hold accountable.",,,,,,Dedicated,Some,Dedicated,Some,N/A,Yes,No,N/A,N/A,N/A,N/A,List,Informal guidelines,N/A,External Sources,,N/A,N/A,Classification / Tagging / Categories / Linking,Basic,N/A,,N/A,Scrapable,,,,,,,,Final Product,2007,,2015,yes,49,35,56,63%,,,,
For Review Kat,News Mapper,Data provider,Mapping Entities using the Scrapping data from many news sites in Chile,N/A,No,Single,English/Spanish,,Poderopedia,Chile,,,"scanning news with a scraper to document the entities structure of corporation in Chile
 ",,yes,,,yes,,,,,,"scraped data, Chile, Poderopedia, ",Chile ,Awareness Raising,General Public,Confidential,,,,,,,,,,,,,N/A,22/10/2015,N/A,,http://juaneduardohv.pythonanywhere.com/svs_mapper/news,,Scraping data from news to track political decisions and map entities,,,,,One person,Some,Some,Some,Some,N/A,No,No,N/A,N/A,N/A,N/A,List,N/A,N/A,External Sources,,N/A,N/A,Simple,Basic,N/A,N/A,N/A,Scrapable,,,,,,,,Beta project,,,2015?,yes,48,34,56,61%,,,,
For Review Kat,LittleSis,Data provider,LittleSis is a free database of who-knows-who at the heights of business and government,,Yes,Single,English,Public Accoutability Initiative,LittleSis,US,,,"LittleSis is a repository and a platform for projects, investigations and network visualizations of all kinds to expose influential networks. ",,yes,yes,,yes,yes,yes,,Exposure,,"LittleSis, database, ",World,Awareness Raising,Broad Professional/Sectoral,International,,,,,,,,,,,,,N/A,22/10/2015,N/A,,http://littlesis.org/,,LittleSis is a free database detailing the connections between powerful people and organizations.,,,,,N/A,Outsourced,Dedicated,Dedicated,N/A,N/A,Yes,No,N/A,N/A,N/A,N/A,N/A,N/A,,External Sources,,N/A,N/A,N/A,N/A,N/A,Signed project,,API,,,,,,,,Final Product,2008,?,2015,yes,52,36,56,64%,,,,
For Review Kat,DueDil,Data provider,N/A,N/A,Maybe,Single,English,,,,UK,,build a database on private companies,,yes,,,yes,,,yes,,,,World,N/A,Broad Professional/Sectoral,International,,,,,,,,,,,,,N/A,22/10/2015,N/A,,https://www.duedil.com/,,"DueDil is a private company research tool for B2B lead generation and risk management
",,,,,Medium,None,N/A,Dedicated,Dedicated,N/A,No,No,N/A,N/A,N/A,N/A,Complex,N/A,N/A,N/A,,N/A,N/A,N/A,N/A,Restricted,Not documented,,API,,,,,,,,Final Product,,,2015,yes,46,31,56,55%,,,,
For Review Kat,Mapa de Medios,Who's who,Descubre quién es quién en la Industria de medios de Chile y Colombia.,N/A,Yes,Collection,Spanish,Open Society Foundation,Poderopedia,Chile,"Poderopedia Colombia, Poderopedia Chile, Consejo de Redacción",,Listing all the media ,yes,yes,,,yes,,,yes,Media,,"Poderopedia, Chile, Colombia, media, ownership, database, relationships",Chile and Colombia,Awareness Raising,Broad Professional/Sectoral,Large Network,,,,,,,,,,,,,N/A,22/10/2015,N/A,,http://apps.poderopedia.org/mapademedios/index/,https://github.com/poderomedia/mapa-de-medios,"El Mapa de Medios es una base de datos de los medios de comunicación de Chile y Colombia. y de sus propietarios. Incluye cuales son los grandes grupos de medios y propietarios de medios de cada país, más las leyes y fuentes de investigación usadas para construir esta aplicación.",,,,,Medium,Dedicated,Some,Some,Dedicated,Traditional,yes,yes,N/A,N/A,No planning,N/A,List,Guidelines,N/A,Trained Collectors,Crowdsourced,Corroborated,N/A,Classification / Tagging / Categories / Linking,N/A,Open,Cited Sources,Signed project,Dump,Data Management,https://github.com/poderomedia/mapa-de-medios,Data Publishing,http://apps.poderopedia.org/mapademedios/datos/,,,,Beta version,2015,2015,2015,yes,61,40,56,71%,,,,
For Review Kat,Lobbyists in Brussels - the social network,Investigation ,What the Commission’s meetings with lobbyists reveal about alliances and rivalries in Brussels.,N/A,Yes,Single,English,,Politico,US,,,social network analysis of the lobbying system in place in Brussels: who are the players? who is pulling the strings?,yes,,,,,yes,,,Lobbying,Tracking who is pulling the lobbyint strings in Brussels,"Europe, lobbying, Politico, datajournalism, social network analysis, Brussels,",Europe,Awareness Raising,,,,,,,,,,,,,,,N/A,22/10/2015,N/A,,http://www.politico.eu/interactive/lobbyists-brussels-social-network-meetings-commission-strategy/,,"A social network analysis of lobby organizations and commissioners, cabinet members and directors-general that have met at least twice between December and July. Lobbyists who appear in a star structure were invited to several meetings as a group. Commission officials and organizations at the center of the network were in touch with a wider network of policy-makers and influencers.",,,,,Small,Dedicated,Outsourced,Dedicated,Outsourced,Traditional,no,no,N/A,N/A,N/A,N/A,Relational,N/A,N/A,Trained Collectors,,Corroborated,N/A,Graph,N/A,Restricted,Signed project,,Scrapable,,,,,,,,Final Product,2015,2015,2015,no,49,36,56,64%,,,,
For Review Kat,Parltrack,Data provider,N/A,N/A,Yes,Single,English,,,Europe,,,,,,,,Yes,,,Yes,,Lawmaking ,"European Parliament, politics, lobbying, experts, Europe",Europe,Research,Broad Professional/Sectoral,,,,,,,,,,,,,,N/A,22/10/2015,N/A,,http://parltrack.euwiki.org,,"Parltrack is a European initiative to improve the transparency of legislative processes. It combines information on dossiers, representatives, vote results and committee agendas into a unique database and allows the tracking of dossiers using email and RSS. Most of the data presented is also available for further processing in JSON format. Using Parltrack it's easy to see at a glance which dossiers are being handled by committees and MEPs.",,,,,N/A,Some,Dedicated,Dedicated,Some,N/A,Yes,No,N/A,N/A,No planning,N/A,Documents,No guidelines,N/A,External Sources,,No,N/A,Classification / Tagging / Categories / Linking,Basic,Public,Cited Sources,,Dump,,,,,,,,Final Product,2011,2011,2015,yes,47,34,56,61%,,,,
For Review Kat,Party Time,Data provider,Tracking the political fundraising circuit.,N/A,Yes,Collection,English,Sunlight Foundation,Sunlight Foundation,US,,,"Using public events invitations, this project tracks the agenda of politicians and list these to prove when they might get influenced by corporate interests.",,,,,,,,Yes,Exposure,Tracking lobbying and corruption,"parties, US, Sunlight Foundation, politics, follow the money, lobbying, corruption, campaigns",US,Awareness Raising,Broad Professional/Sectoral,International,,,,,,,,,,,,,N/A,22/10/2015,N/A,,http://sunlightfoundation.com/tools/party-time/,https://github.com/sunlightlabs/partytime-docs,"Party Time documents the political fundraising circuit. From the early morning hours until late at night, there are opportunities for members of Congress, presidential and congressional candidates to meet with supporters behind closed doors, press them for money and party. Breakfasts, luncheons, barbecues, golfing outings, receptions, concerts, basketball, baseball, football—the social whirl is endless.",,,,,N/A,Some,Dedicated,Dedicated,Dedicated,Agile,yes,No,N/A,N/A,No planning,Updated,List,Informal guidelines,N/A,External Sources,Crowdsourced,Spot Check,N/A,Classification / Tagging / Categories / Linking,Basic,Public,Signed project,Anonymization of datasets ,API,,,,,,,,Final Product,N/A,2008,2015,yes,54,39,56,70%,,,,